"U.S. net generation from wind, 2006-2011 ",
terawatthours,
2006,26.58913699
2007,34.4499274
2008,55.36310007
2009,73.88613171
2010,94.65224608
2011,119.7465349
